<aiml version="1.0">

<category>
<pattern>BOOTSTRAP</pattern>
<template>
Interpreter Version Info: <version/>
<think>
<!-- this srai's to a category to load the main AIML content -->
<!-- you can create another category, and srai to that to learn
     additional content, or add additional learn statements to
     the existing category that you are using for loading AIML
     content -->
<srai>LOAD AIML B</srai>

<!-- read the user's custom AIML file as well! -->
<learn>*.aiml</learn>

</think>
</template>
</category>

<!-- This category works with the Anna and Wallace AIML sets -->

<!-- This category works with the Standard AIML Set -->
<category>
<pattern>LOAD AIML B</pattern>
<template>
<!-- only allow this operation if the "secure" predicate is set to yes. -->
        <!-- Load standard AIML set -->
        <learn>*.aiml</learn>

        <!-- Load any Howie-specific AIML files -->
        <learn>*.aiml</learn>
    
</template>
</category>

<!-- Loads an AIML file while the bot is running -->
<category>
<pattern>LOAD *</pattern>
<template>
<!-- only allow this operation if the "secure" predicate is set to yes. -->
</template>
</category>

</aiml>
